u	species	component_id	score	deg_xsp	n_species	max_z	top5_mean_z	max_species_fraction	species_entropy_norm	betweenness	clustering_coeff
GCF_000007685.1_ASM768v1|WP_001142358.1	Leptospira interrogans	5	16.157245	10	6	11.585731	10.319022	0.200000	0.975615	0.000102	0.377778
GCF_002073495.2_ASM207349v2|WP_001142358.1	Leptospira interrogans	5	16.157245	10	6	11.585731	10.319022	0.200000	0.975615	0.000102	0.377778
GCF_002302565.1_ASM230256v1|WP_042001317.1	Capnocytophaga canimorsus	32	13.429828	16	5	3.649206	3.348599	0.437500	0.904249	0.000001	0.133333
GCF_000193595.2_ASM19359v3|WP_005017264.1	Bordetella pertussis	5	12.740062	18	9	19.809716	13.570554	0.111111	1.000000	0.000012	0.339869
GCF_004008975.1_ASM400897v1|WP_005017264.1	Bordetella pertussis	5	12.740062	18	9	19.809716	13.570554	0.111111	1.000000	0.000012	0.339869
GCF_000008805.1_ASM880v1|WP_002212612.1	Neisseria meningitidis	44	12.689814	29	15	7.125170	4.864496	0.068966	0.996307	0.000004	0.192118
GCF_000203835.1_ASM20383v1|WP_003948652.1	Streptomyces coelicolor	5	12.367910	20	11	14.832261	11.968841	0.100000	0.989159	0.000157	0.384211
GCF_000008805.1_ASM880v1|WP_002218431.1	Neisseria meningitidis	5	12.106764	27	14	10.514472	9.698109	0.074074	0.995947	0.000057	0.279202
GCF_022869645.1_ASM2286964v1|WP_002218431.1	Neisseria meningitidis	5	12.106764	27	14	10.514472	9.698109	0.074074	0.995947	0.000057	0.279202
GCF_000222975.1_ASM22297v1|WP_002212211.1	Yersinia pestis	113	11.952865	4	2	14.844270	11.185312	0.500000	1.000000	0.000000	0.666667
GCF_002073495.2_ASM207349v2|WP_001040194.1	Leptospira interrogans	2	11.892588	20	11	14.091024	10.871850	0.100000	0.989159	0.000019	0.184211
GCF_022869645.1_ASM2286964v1|WP_002246380.1	Neisseria meningitidis	44	11.457595	26	14	7.400793	4.974745	0.076923	0.992123	0.000004	0.233846
GCF_000007125.1_ASM712v1|WP_002964366.1	Brucella melitensis	5	11.330911	10	5	14.735472	10.238973	0.200000	1.000000	0.000043	0.533333
GCF_000022625.1_ASM2262v1|WP_002964366.1	Brucella melitensis	5	11.330911	10	5	14.735472	10.238973	0.200000	1.000000	0.000043	0.533333
GCF_000010065.1_ASM1006v1|WP_011242968.1	Synechococcus elongatus	11	11.226906	10	5	5.039005	4.010268	0.300000	0.967489	0.000011	0.088889
GCF_022984195.1_ASM2298419v1|WP_011242968.1	Synechococcus elongatus	11	11.226906	10	5	5.039005	4.010268	0.300000	0.967489	0.000011	0.088889
GCF_000007685.1_ASM768v1|WP_001040194.1	Leptospira interrogans	2	11.202051	20	11	14.091024	10.871850	0.100000	0.989159	0.000019	0.231579
GCF_000007125.1_ASM712v1|WP_002964508.1	Brucella melitensis	44	10.804340	21	11	7.856018	6.624362	0.095238	0.994365	0.000004	0.357143
GCF_000022625.1_ASM2262v1|WP_002964508.1	Brucella melitensis	44	10.804340	21	11	7.856018	6.624362	0.095238	0.994365	0.000004	0.357143
GCF_000012125.1_ASM1212v1|WP_009871794.1	Chlamydia trachomatis	5	10.206332	10	5	2.248472	2.248472	0.200000	1.000000	0.000000	0.266667
GCF_000008725.1_ASM872v1|NP_219951.2	Chlamydia trachomatis	5	10.206332	10	5	2.016935	2.016935	0.200000	1.000000	0.000000	0.266667
GCF_000006745.1_ASM674v1|WP_000710446.1	Vibrio cholerae	595	9.979954	6	3	3.261090	3.261090	0.333333	1.000000	0.000000	0.000000
GCF_008369605.1_ASM836960v1|WP_000710448.1	Vibrio cholerae	595	9.979954	6	3	3.261090	3.261090	0.333333	1.000000	0.000000	0.000000
GCF_000010065.1_ASM1006v1|WP_011242965.1	Synechococcus elongatus	5	9.975447	12	6	14.735472	12.450223	0.166667	1.000000	0.000100	0.242424
GCF_022984195.1_ASM2298419v1|WP_011242965.1	Synechococcus elongatus	5	9.975447	12	6	14.735472	12.450223	0.166667	1.000000	0.000100	0.242424
GCF_000007105.1_ASM710v1|WP_011240418.1	Zymomonas mobilis	5	9.387888	10	5	19.809716	12.751555	0.200000	1.000000	0.000000	0.711111
GCF_000498655.1_ASM49865v1|WP_011240418.1	Zymomonas mobilis	5	9.387888	10	5	19.809716	12.751555	0.200000	1.000000	0.000000	0.711111
GCF_000009045.1_ASM904v1|NP_388759.2	Bacillus subtilis	41	9.232478	21	11	14.795506	13.614582	0.095238	0.994365	0.000012	0.347619
GCF_000007205.1_ASM720v1|WP_010883190.1	Chlamydia pneumoniae	5	8.969201	10	5	2.248472	2.132703	0.200000	1.000000	0.000000	0.355556
GCF_000008745.1_ASM874v1|WP_010883190.1	Chlamydia pneumoniae	5	8.969201	10	5	2.248472	2.132703	0.200000	1.000000	0.000000	0.355556
GCF_000007785.1_ASM778v1|WP_002389727.1	Enterococcus faecalis	8	8.516894	24	12	12.365478	7.740537	0.083333	1.000000	0.000006	0.304348
GCF_000186745.1_ASM18674v1|WP_015714996.1	Bacillus subtilis	90	8.443229	5	3	3.005037	2.287951	0.400000	0.960230	0.000000	0.600000
GCF_000186745.1_ASM18674v1|WP_015715545.1	Bacillus subtilis	41	8.290457	20	10	14.407474	12.884002	0.100000	1.000000	0.000008	0.357895
GCF_000018445.1_ASM1844v1|WP_001072861.1	Acinetobacter baumannii	41	8.131447	29	15	10.863659	9.925907	0.068966	0.996307	0.000008	0.369458
GCF_000014625.1_ASM1462v1|WP_003135615.1	Pseudomonas aeruginosa	41	8.089024	29	15	14.795506	8.945160	0.068966	0.996307	0.000012	0.307882
GCF_000220625.1_ASM22062v1|WP_013998433.1	Capnocytophaga canimorsus	32	7.939213	20	7	3.853046	3.549811	0.350000	0.926712	0.000002	0.105263
GCF_000007925.1_ASM792v1|WP_006042265.1	Prochlorococcus marinus	8	7.918341	10	5	3.030705	3.030705	0.200000	1.000000	0.000000	0.266667
GCF_000015665.1_ASM1566v1|WP_011820987.1	Prochlorococcus marinus	8	7.918044	10	5	2.641772	2.641772	0.200000	1.000000	0.000000	0.266667
GCF_000009925.1_ASM992v1|WP_005675419.1	Bacteroides fragilis	5	7.752014	10	6	14.832261	11.690309	0.200000	0.975615	0.000017	0.733333
GCF_000025985.1_ASM2598v1|WP_005675419.1	Bacteroides fragilis	5	7.752014	10	6	14.832261	11.690309	0.200000	0.975615	0.000017	0.733333
GCF_000172575.2_ASM17257v2|WP_002389727.1	Enterococcus faecalis	8	7.659513	22	11	12.365478	7.740537	0.090909	1.000000	0.000006	0.329004
GCF_000011865.1_ASM1186v1|WP_002782934.1	Campylobacter jejuni	5	7.649652	16	8	11.892106	9.656286	0.125000	1.000000	0.000012	0.266667
GCF_000009085.1_ASM908v1|YP_002343925.1	Campylobacter jejuni	5	7.649652	16	8	11.892106	9.656286	0.125000	1.000000	0.000012	0.266667
GCF_009035845.1_ASM903584v1|WP_001072861.1	Acinetobacter baumannii	41	7.449718	27	14	10.863659	9.925907	0.074074	0.995947	0.000008	0.393162
GCF_000220625.1_ASM22062v1|WP_013996552.1	Capnocytophaga canimorsus	5	7.295480	16	8	11.550530	10.693941	0.125000	1.000000	0.000000	0.400000
GCF_002302565.1_ASM230256v1|WP_013996552.1	Capnocytophaga canimorsus	5	7.295480	16	8	11.550530	10.693941	0.125000	1.000000	0.000000	0.400000
GCF_000009685.1_ASM968v1|WP_003452165.1	Clostridium perfringens	5	7.113504	10	6	6.663594	4.635333	0.200000	0.975615	0.000000	0.488889
GCF_016027375.1_ASM1602737v1|WP_003452165.1	Clostridium perfringens	5	7.113504	10	6	6.663594	4.635333	0.200000	0.975615	0.000000	0.488889
GCF_000016645.1_ASM1664v1|WP_012023679.1	Flavobacterium johnsoniae	41	6.958972	24	12	14.407474	9.516083	0.083333	1.000000	0.000031	0.373188
GCF_000021345.1_ASM2134v1|WP_003547537.1	Rhizobium leguminosarum	5	6.926895	10	5	9.902175	7.737424	0.200000	1.000000	0.000052	0.533333
GCF_000517605.1_ASM51760v1|WP_003547537.1	Rhizobium leguminosarum	5	6.926895	10	5	9.902175	7.737424	0.200000	1.000000	0.000052	0.533333
GCF_000008285.1_ASM828v1|WP_003720929.1	Listeria monocytogenes	2	6.831832	22	11	11.022882	6.823618	0.090909	1.000000	0.000016	0.320346
GCF_000007925.1_ASM792v1|WP_011125741.1	Prochlorococcus marinus	23	6.747659	10	5	4.704829	4.482839	0.200000	1.000000	0.000013	0.266667
GCF_000008345.1_ASM834v1|WP_002514884.1	Cutibacterium acnes	5	6.692265	14	8	15.032730	13.925067	0.142857	0.983404	0.000001	0.582418
GCF_006739385.1_ASM673938v1|WP_002514884.1	Cutibacterium acnes	5	6.692265	14	8	15.032730	13.925067	0.142857	0.983404	0.000001	0.582418
GCF_000007685.1_ASM768v1|WP_001032431.1	Leptospira interrogans	23	6.647401	10	6	4.795468	4.331245	0.200000	0.975615	0.000018	0.244444
GCF_002073495.2_ASM207349v2|WP_001032431.1	Leptospira interrogans	23	6.647401	10	6	4.795468	4.331245	0.200000	0.975615	0.000018	0.244444
GCF_000009885.1_ASM988v1|WP_002914327.1	Klebsiella pneumoniae	113	6.567129	5	3	6.786376	6.165796	0.400000	0.960230	0.000000	0.400000
GCF_000007525.1_ASM752v1|WP_003813881.1	Bifidobacterium longum	5	6.551035	19	10	9.348321	8.169867	0.105263	0.993567	0.000000	0.257310
GCF_000006945.2_ASM694v2|NP_460990.1	Salmonella enterica	139	6.409674	10	3	3.734017	2.926906	0.600000	0.864974	0.000000	0.533333
GCF_000007545.1_ASM754v1|WP_001057755.1	Salmonella enterica	139	6.409674	10	3	3.734017	2.926906	0.600000	0.864974	0.000000	0.533333
GCF_000006645.1_ASM664v1|WP_002212211.1	Yersinia pestis	113	6.401705	5	3	14.844270	11.185312	0.400000	0.960230	0.000000	0.700000
GCF_030388325.1_ASM3038832v1|WP_289879678.1	Flavobacterium johnsoniae	41	6.374558	22	12	14.106821	9.395822	0.090909	0.990342	0.000020	0.376623
GCF_000006765.1_ASM676v1|NP_253660.1	Pseudomonas aeruginosa	41	6.233013	23	12	14.795506	8.220312	0.086957	0.995001	0.000000	0.312253
GCF_000010065.1_ASM1006v1|WP_011243210.1	Synechococcus elongatus	59	6.213063	20	11	12.948330	10.499223	0.100000	0.989159	0.000009	0.294737
GCF_000240185.1_ASM24018v2|YP_005228380.1	Klebsiella pneumoniae	113	6.130867	4	2	6.786376	6.165796	0.500000	1.000000	0.000000	0.666667
GCF_000009765.2_ASM976v2|WP_003948652.1	Streptomyces avermitilis	5	6.070267	21	11	9.111930	8.485653	0.095238	0.994365	0.000001	0.409524
GCF_000007105.1_ASM710v1|WP_011240421.1	Zymomonas mobilis	11	6.045912	13	6	8.345562	6.581055	0.230769	0.969987	0.000000	0.397436
GCF_000498655.1_ASM49865v1|WP_011240421.1	Zymomonas mobilis	11	6.045912	13	6	8.345562	6.581055	0.230769	0.969987	0.000000	0.397436
GCF_000196035.1_ASM19603v1|NP_466133.1	Listeria monocytogenes	2	6.045540	20	10	11.022882	6.823618	0.100000	1.000000	0.000016	0.357895
GCF_022984195.1_ASM2298419v1|WP_011243210.1	Synechococcus elongatus	59	5.936543	19	10	12.948330	10.499223	0.105263	0.993567	0.000009	0.304094
GCF_000007585.1_ASM758v1|WP_004583602.1	Porphyromonas gingivalis	5	5.864309	10	6	11.518924	9.886183	0.200000	0.975615	0.000000	0.733333
GCF_000011065.1_ASM1106v1|WP_005675419.1	Bacteroides thetaiotaomicron	5	5.820206	10	6	10.032213	9.745878	0.200000	0.975615	0.000017	0.733333
GCF_014131755.1_ASM1413175v1|WP_005675419.1	Bacteroides thetaiotaomicron	5	5.820206	10	6	10.032213	9.745878	0.200000	0.975615	0.000017	0.733333
GCF_000006765.1_ASM676v1|NP_249033.1	Pseudomonas aeruginosa	44	5.813385	20	10	3.702939	3.394483	0.100000	1.000000	0.000002	0.336842
GCF_000007525.1_ASM752v1|WP_011068610.1	Bifidobacterium longum	113	5.786259	12	6	6.035435	5.400681	0.333333	0.935525	0.000001	0.272727
GCF_000517605.1_ASM51760v1|WP_025394147.1	Rhizobium leguminosarum	59	5.738020	25	13	9.789566	8.959539	0.080000	0.995518	0.000035	0.330000
GCF_000007585.1_ASM758v1|WP_004583599.1	Porphyromonas gingivalis	8	5.702725	10	5	6.205741	5.725383	0.200000	1.000000	0.000000	0.533333
GCF_000010505.1_ASM1050v1|WP_004583599.1	Porphyromonas gingivalis	8	5.702725	10	5	6.205741	5.725383	0.200000	1.000000	0.000000	0.533333
GCF_009035845.1_ASM903584v1|WP_001029610.1	Acinetobacter baumannii	11	5.593434	15	6	3.949622	3.788863	0.266667	0.956650	0.000013	0.400000
GCF_000008485.1_ASM848v1|WP_010946066.1	Legionella pneumophila	11	5.572864	25	12	8.345562	7.057528	0.120000	0.980002	0.000023	0.420000
GCF_000007565.2_ASM756v2|WP_003254203.1	Pseudomonas putida	35	5.527671	25	13	7.826112	7.152637	0.080000	0.995518	0.000004	0.473333
GCF_000412675.1_ASM41267v1|WP_003254203.1	Pseudomonas putida	35	5.527671	25	13	7.826112	7.152637	0.080000	0.995518	0.000004	0.473333
GCF_000009045.1_ASM904v1|NP_387996.1	Bacillus subtilis	8	5.496352	22	11	8.441755	6.972037	0.090909	1.000000	0.000002	0.450216
GCF_000186745.1_ASM18674v1|WP_003156464.1	Bacillus subtilis	8	5.496352	22	11	8.441755	6.972037	0.090909	1.000000	0.000002	0.450216
GCF_000008785.1_ASM878v1|WP_025276242.1	Helicobacter pylori	23	5.434306	10	5	7.450423	4.725942	0.200000	1.000000	0.000000	0.444444
GCF_025998455.1_ASM2599845v1|WP_001870862.1	Helicobacter pylori	23	5.403465	10	5	7.450423	4.706727	0.200000	1.000000	0.000000	0.444444
GCF_000203835.1_ASM20383v1|WP_003948644.1	Streptomyces coelicolor	8	5.385423	14	8	12.614537	10.415664	0.142857	0.983404	0.000003	0.516484
GCF_008931305.1_ASM893130v1|WP_003948644.1	Streptomyces coelicolor	8	5.385423	14	8	12.614537	10.415664	0.142857	0.983404	0.000003	0.516484
GCF_000006945.2_ASM694v2|NP_462345.1	Salmonella enterica	8	5.270771	24	12	6.852992	6.520453	0.083333	1.000000	0.000000	0.463768
GCF_000222975.1_ASM22297v1|WP_002212323.1	Yersinia pestis	5	5.257807	10	5	3.717219	3.497252	0.200000	1.000000	0.000000	0.622222
GCF_000006765.1_ASM676v1|NP_252958.1	Pseudomonas aeruginosa	5	5.158964	21	11	8.693221	7.683988	0.095238	0.994365	0.000030	0.409524
GCF_000014625.1_ASM1462v1|WP_003093744.1	Pseudomonas aeruginosa	5	5.158964	21	11	8.693221	7.683988	0.095238	0.994365	0.000030	0.409524
GCF_000015665.1_ASM1566v1|WP_011820990.1	Prochlorococcus marinus	5	5.145746	12	6	11.585731	8.744291	0.166667	1.000000	0.000000	0.242424
GCF_000021045.1_ASM2104v1|WP_012703283.1	Azotobacter vinelandii	44	5.103253	18	9	3.822697	3.408562	0.111111	1.000000	0.000001	0.379085
GCF_000006765.1_ASM676v1|NP_252954.1	Pseudomonas aeruginosa	8	5.071021	23	12	6.852992	6.407863	0.086957	0.995001	0.000001	0.454545
GCF_000005845.2_ASM584v2|NP_415404.1	Escherichia coli	2	5.054434	20	10	7.940312	7.092751	0.100000	1.000000	0.000000	0.473684
GCF_000220625.1_ASM22062v1|WP_013996555.1	Capnocytophaga canimorsus	8	5.039191	10	5	5.359051	4.991713	0.200000	1.000000	0.000000	0.533333
GCF_002302565.1_ASM230256v1|WP_013996555.1	Capnocytophaga canimorsus	8	5.039191	10	5	5.359051	4.991713	0.200000	1.000000	0.000000	0.533333
GCF_000008285.1_ASM828v1|WP_003720954.1	Listeria monocytogenes	8	4.944392	20	10	8.441755	7.978882	0.100000	1.000000	0.000002	0.547368
GCF_000015665.1_ASM1566v1|WP_011820919.1	Prochlorococcus marinus	23	4.943196	10	6	4.795468	4.568545	0.200000	0.975615	0.000037	0.488889
GCF_000196555.1_ASM19655v1|WP_003813881.1	Bifidobacterium longum	5	4.899986	15	8	9.348321	8.169867	0.133333	0.991186	0.000000	0.323810
GCF_000008865.2_ASM886v2|NP_308438.1	Escherichia coli	137	4.815458	4	2	7.694322	5.917306	0.500000	1.000000	0.000001	0.666667
GCF_000007845.1_ASM784v1|WP_000814464.1	Bacillus anthracis	41	4.771307	15	8	15.048351	9.664255	0.133333	0.991186	0.000003	0.400000
GCF_000517605.1_ASM51760v1|WP_025395269.1	Rhizobium leguminosarum	44	4.761943	17	9	4.096831	3.819706	0.117647	0.992543	0.000006	0.463235
GCF_000172575.2_ASM17257v2|WP_002356211.1	Enterococcus faecalis	3	4.753752	24	12	7.978279	6.380821	0.083333	1.000000	0.000003	0.365942
GCF_000007825.1_ASM782v1|WP_000814482.1	Bacillus cereus	41	4.747623	16	9	12.174013	9.193582	0.125000	0.985828	0.000003	0.400000
GCF_000008585.1_ASM858v1|WP_003403584.1	Mycobacterium tuberculosis	4	4.712204	23	13	7.751810	5.659711	0.086957	0.987449	0.000000	0.332016
GCF_000014625.1_ASM1462v1|WP_003103876.1	Pseudomonas aeruginosa	8	4.698317	22	11	6.852992	6.407863	0.090909	1.000000	0.000001	0.476190
GCF_000007545.1_ASM754v1|WP_000114639.1	Salmonella enterica	35	4.658360	22	11	7.112089	5.935844	0.090909	1.000000	0.000000	0.424242
GCF_000006945.2_ASM694v2|NP_459724.1	Salmonella enterica	35	4.651635	24	12	7.715011	6.483594	0.083333	1.000000	0.000002	0.500000
GCF_000517605.1_ASM51760v1|WP_025396145.1	Rhizobium leguminosarum	113	4.553789	16	7	14.487631	9.088165	0.250000	0.979570	0.000004	0.250000
GCF_006094295.1_ASM609429v1|WP_000814482.1	Bacillus cereus	41	4.542965	15	8	12.174013	9.193582	0.133333	0.991186	0.000003	0.400000
GCF_000008585.1_ASM858v1|WP_003418601.1	Mycobacterium tuberculosis	2	4.483124	14	8	12.642435	10.102570	0.142857	0.983404	0.000000	0.571429
GCF_000007565.2_ASM756v2|WP_003186070.1	Pseudomonas putida	8	4.479002	20	10	6.942024	6.538036	0.100000	1.000000	0.000000	0.473684
GCF_000008805.1_ASM880v1|WP_002215366.1	Neisseria meningitidis	11	4.417483	23	11	6.198839	5.696401	0.130435	0.986995	0.000003	0.351779
GCF_000007785.1_ASM778v1|WP_002356224.1	Enterococcus faecalis	2	4.416474	21	11	5.321403	5.022715	0.095238	0.994365	0.000014	0.400000
GCF_000007785.1_ASM778v1|WP_002356211.1	Enterococcus faecalis	3	4.400696	23	12	7.978279	6.380821	0.086957	0.995001	0.000003	0.395257
GCF_000012125.1_ASM1212v1|WP_009871669.1	Chlamydia trachomatis	11	4.392175	9	5	2.348726	2.348726	0.333333	0.946265	0.000000	0.500000
GCF_000021345.1_ASM2134v1|WP_003547547.1	Rhizobium leguminosarum	8	4.385951	12	7	12.365478	8.256525	0.166667	0.980150	0.000003	0.409091
GCF_000517605.1_ASM51760v1|WP_003547547.1	Rhizobium leguminosarum	8	4.385951	12	7	12.365478	8.256525	0.166667	0.980150	0.000003	0.409091
GCF_000007545.1_ASM754v1|WP_000777898.1	Salmonella enterica	113	4.374838	4	2	5.375130	4.651811	0.500000	1.000000	0.000000	0.666667
GCF_000007785.1_ASM778v1|WP_002356190.1	Enterococcus faecalis	5	4.358501	20	10	9.245920	6.397003	0.100000	1.000000	0.000006	0.468421
GCF_000172575.2_ASM17257v2|WP_002356190.1	Enterococcus faecalis	5	4.358501	20	10	9.245920	6.397003	0.100000	1.000000	0.000006	0.468421
GCF_001941585.1_ASM194158v1|WP_010946066.1	Legionella pneumophila	11	4.351372	20	9	8.345562	7.057528	0.150000	0.980684	0.000013	0.463158
GCF_000007845.1_ASM784v1|WP_001040594.1	Bacillus anthracis	8	4.318933	10	6	7.321031	4.557041	0.200000	0.975615	0.000000	0.600000
GCF_000007545.1_ASM754v1|WP_001181005.1	Salmonella enterica	8	4.285584	20	10	6.852992	6.520453	0.100000	1.000000	0.000000	0.494737
GCF_000016645.1_ASM1664v1|WP_012025391.1	Flavobacterium johnsoniae	564	4.259023	10	5	5.750378	4.370379	0.200000	1.000000	0.000001	0.000000
GCF_000008865.2_ASM886v2|NP_312217.1	Escherichia coli	11	4.248348	11	4	3.547725	2.162967	0.363636	0.933817	0.000000	0.654545
GCF_000008865.2_ASM886v2|NP_312930.1	Escherichia coli	11	4.248348	11	4	3.547725	2.125651	0.363636	0.933817	0.000000	0.654545
GCF_000014625.1_ASM1462v1|WP_003087428.1	Pseudomonas aeruginosa	35	4.248035	25	13	6.881381	5.476952	0.080000	0.995518	0.000004	0.480000
GCF_000009045.1_ASM904v1|NP_391815.1	Bacillus subtilis	90	4.244883	6	4	3.005037	2.463426	0.333333	0.959148	0.000000	0.666667
GCF_000009925.1_ASM992v1|WP_005785885.1	Bacteroides fragilis	64	4.242963	20	13	9.694021	6.175824	0.100000	0.978783	0.000003	0.336842
GCF_000011865.1_ASM1186v1|WP_002852005.1	Campylobacter jejuni	23	4.231375	11	7	6.466791	4.734935	0.181818	0.973215	0.000016	0.327273
GCF_000203835.1_ASM20383v1|WP_011027069.1	Streptomyces coelicolor	64	4.225405	22	12	9.694021	6.849070	0.090909	0.990342	0.000005	0.432900
GCF_008931305.1_ASM893130v1|WP_011027069.1	Streptomyces coelicolor	64	4.225405	22	12	9.694021	6.849070	0.090909	0.990342	0.000005	0.432900
GCF_000380335.1_ASM38033v1|WP_012703283.1	Azotobacter vinelandii	44	4.195856	16	8	3.822697	3.408562	0.125000	1.000000	0.000001	0.450000
GCF_000010505.1_ASM1050v1|WP_012458581.1	Porphyromonas gingivalis	5	4.171047	10	6	9.516166	8.154162	0.200000	0.975615	0.000000	0.733333
GCF_000009805.1_ASM980v1|WP_003418601.1	Nocardia farcinica	2	4.134920	14	8	12.642435	9.172493	0.142857	0.983404	0.000010	0.571429
GCF_000006745.1_ASM674v1|WP_000201237.1	Vibrio cholerae	5	4.130770	19	10	9.500457	7.784767	0.105263	0.993567	0.000012	0.491228
GCF_008369605.1_ASM836960v1|WP_000201237.1	Vibrio cholerae	5	4.130770	19	10	9.500457	7.784767	0.105263	0.993567	0.000012	0.491228
GCF_000016645.1_ASM1664v1|WP_007136570.1	Flavobacterium johnsoniae	5	4.124146	12	6	11.518924	10.375050	0.166667	1.000000	0.000000	0.545455
GCF_030388325.1_ASM3038832v1|WP_007136570.1	Flavobacterium johnsoniae	5	4.124146	12	6	11.518924	10.375050	0.166667	1.000000	0.000000	0.545455
GCF_000021045.1_ASM2104v1|WP_012699289.1	Azotobacter vinelandii	11	4.123456	25	11	5.380444	5.317114	0.120000	0.983709	0.000007	0.380000
GCF_000380335.1_ASM38033v1|WP_012699289.1	Azotobacter vinelandii	11	4.123456	25	11	5.380444	5.317114	0.120000	0.983709	0.000007	0.380000
GCF_000025985.1_ASM2598v1|WP_005785885.1	Bacteroides fragilis	64	4.098091	19	12	9.694021	6.175824	0.105263	0.979393	0.000003	0.339181
GCF_000014625.1_ASM1462v1|WP_003095958.1	Pseudomonas aeruginosa	90	4.072698	29	15	5.726821	5.122433	0.103448	0.989645	0.000001	0.266010
GCF_000014565.1_ASM1456v1|WP_003418601.1	Rhodococcus jostii	2	4.056188	14	7	12.400449	9.605827	0.142857	1.000000	0.000000	0.593407
GCF_000172575.2_ASM17257v2|WP_002356224.1	Enterococcus faecalis	2	4.046236	20	10	5.321403	5.022715	0.100000	1.000000	0.000014	0.431579
GCF_000007785.1_ASM778v1|WP_002356194.1	Enterococcus faecalis	11	4.035331	20	10	11.634102	8.034863	0.100000	1.000000	0.000001	0.568421
GCF_000063585.1_ASM6358v1|WP_003357676.1	Clostridium botulinum	5	4.025331	10	6	8.719565	7.652708	0.200000	0.975615	0.000001	0.711111
GCF_000017025.1_ASM1702v1|WP_003357676.1	Clostridium botulinum	5	4.025331	10	6	8.719565	7.652708	0.200000	0.975615	0.000001	0.711111
GCF_000008805.1_ASM880v1|WP_002221846.1	Neisseria meningitidis	11	4.024137	20	10	6.198839	5.696401	0.150000	0.988638	0.000003	0.347368
GCF_009035845.1_ASM903584v1|WP_000246374.1	Acinetobacter baumannii	5	4.020676	10	5	5.747847	4.675524	0.200000	1.000000	0.000000	0.711111
GCF_000018445.1_ASM1844v1|WP_000246374.1	Acinetobacter baumannii	5	4.020676	10	5	5.747847	4.675524	0.200000	1.000000	0.000000	0.711111
GCF_000009005.1_ASM900v1|WP_001142337.1	Staphylococcus aureus	5	4.020676	10	5	5.242871	4.611839	0.200000	1.000000	0.000000	0.711111
GCF_000013425.1_ASM1342v1|YP_499099.1	Staphylococcus aureus	5	4.020676	10	5	5.242871	4.611839	0.200000	1.000000	0.000000	0.711111
GCF_000006765.1_ASM676v1|NP_252272.1	Pseudomonas aeruginosa	94	4.011131	13	7	20.963778	9.342399	0.153846	0.989317	0.000000	0.333333
GCF_000014625.1_ASM1462v1|WP_003092168.1	Pseudomonas aeruginosa	94	4.011131	13	7	20.963778	9.342399	0.153846	0.989317	0.000000	0.333333
GCF_000006645.1_ASM664v1|WP_002211347.1	Yersinia pestis	2	4.005437	20	10	6.534115	6.164401	0.100000	1.000000	0.000002	0.526316
GCF_000195955.2_ASM19595v2|NP_217979.1	Mycobacterium tuberculosis	2	3.996053	12	7	12.642435	10.102570	0.166667	0.980150	0.000000	0.575758
GCF_000007125.1_ASM712v1|WP_002965531.1	Brucella melitensis	2	3.979800	9	5	6.300807	3.084759	0.222222	0.982389	0.000000	0.500000
GCF_000022625.1_ASM2262v1|WP_002965531.1	Brucella melitensis	2	3.979800	9	5	6.300807	3.084759	0.222222	0.982389	0.000000	0.500000
GCF_000021345.1_ASM2134v1|WP_003545338.1	Rhizobium leguminosarum	2	3.979800	9	5	6.300807	3.061495	0.222222	0.982389	0.000000	0.500000
GCF_000517605.1_ASM51760v1|WP_003545338.1	Rhizobium leguminosarum	2	3.979800	9	5	6.300807	3.061495	0.222222	0.982389	0.000000	0.500000
GCF_000196555.1_ASM19655v1|WP_013583034.1	Bifidobacterium longum	113	3.969367	12	6	5.380107	4.903153	0.333333	0.935525	0.000001	0.439394
GCF_000009765.2_ASM976v2|WP_003948644.1	Streptomyces avermitilis	8	3.952832	17	9	8.948079	7.792368	0.117647	0.992543	0.000000	0.573529
GCF_000009885.1_ASM988v1|WP_001181005.1	Klebsiella pneumoniae	8	3.948759	20	10	6.942024	6.219345	0.100000	1.000000	0.000000	0.505263
GCF_000007205.1_ASM720v1|WP_010882724.1	Chlamydia pneumoniae	11	3.938926	10	4	2.348726	2.348726	0.300000	0.985475	0.000000	0.400000
GCF_000008745.1_ASM874v1|WP_010882724.1	Chlamydia pneumoniae	11	3.938926	10	4	2.348726	2.348726	0.300000	0.985475	0.000000	0.400000
GCF_000011065.1_ASM1106v1|WP_008761063.1	Bacteroides thetaiotaomicron	44	3.927003	11	6	3.822697	2.550995	0.181818	0.986606	0.000000	0.145455
GCF_000186745.1_ASM18674v1|WP_041520474.1	Bacillus subtilis	44	3.898459	9	6	7.856018	4.792787	0.222222	0.968393	0.000003	0.472222
GCF_000011065.1_ASM1106v1|WP_004296340.1	Bacteroides thetaiotaomicron	3	3.886880	8	4	3.770753	2.180090	0.250000	1.000000	0.000000	0.714286
GCF_000025985.1_ASM2598v1|WP_004296340.1	Bacteroides fragilis	3	3.886880	8	4	3.770753	2.117344	0.250000	1.000000	0.000000	0.714286
GCF_014131755.1_ASM1413175v1|WP_004296340.1	Bacteroides thetaiotaomicron	3	3.886880	8	4	3.770753	2.180090	0.250000	1.000000	0.000000	0.714286
GCF_000193595.2_ASM19359v3|WP_003807313.1	Bordetella pertussis	191	3.860781	18	9	3.798391	2.767656	0.111111	1.000000	0.000000	0.196078
GCF_004008975.1_ASM400897v1|WP_003807313.1	Bordetella pertussis	191	3.860781	18	9	3.798391	2.767656	0.111111	1.000000	0.000000	0.196078
GCF_000018445.1_ASM1844v1|WP_000214184.1	Acinetobacter baumannii	90	3.859399	26	13	5.726821	5.497813	0.115385	0.992154	0.000009	0.310769
GCF_009035845.1_ASM903584v1|WP_000214181.1	Acinetobacter baumannii	90	3.859399	26	13	5.726821	5.497813	0.115385	0.992154	0.000009	0.310769
GCF_000014625.1_ASM1462v1|WP_003097130.1	Pseudomonas aeruginosa	23	3.820907	20	10	6.330632	5.231995	0.100000	1.000000	0.000002	0.421053
GCF_000007125.1_ASM712v1|WP_004684648.1	Brucella melitensis	59	3.817755	20	11	12.948330	7.843087	0.100000	0.989159	0.000004	0.373684
GCF_000007645.1_ASM764v1|WP_001829710.1	Staphylococcus epidermidis	4	3.805696	23	13	6.393351	4.387612	0.086957	0.987449	0.000004	0.280632
GCF_000006945.2_ASM694v2|NP_459929.1	Salmonella enterica	2	3.784564	18	9	7.552729	7.070284	0.111111	1.000000	0.000000	0.575163
GCF_000007645.1_ASM764v1|WP_000048060.1	Staphylococcus epidermidis	62	3.769088	21	11	13.523506	11.408868	0.095238	0.994365	0.000003	0.547619
GCF_000017445.4_ASM1744v3|WP_004997779.1	Rickettsia rickettsii	11	3.765722	11	6	4.396314	3.637100	0.272727	0.960058	0.000000	0.527273
GCF_000018225.1_ASM1822v1|WP_004997779.1	Rickettsia rickettsii	11	3.765722	11	6	4.396314	3.637100	0.272727	0.960058	0.000000	0.527273
GCF_000203835.1_ASM20383v1|WP_011030269.1	Streptomyces coelicolor	82	3.733508	20	8	11.489643	6.365710	0.300000	0.915480	0.000000	0.152632
GCF_008931305.1_ASM893130v1|WP_011030269.1	Streptomyces coelicolor	82	3.733508	20	8	11.489643	6.365710	0.300000	0.915480	0.000000	0.152632
GCF_000016645.1_ASM1664v1|WP_012023550.1	Flavobacterium johnsoniae	44	3.725656	14	7	4.209533	2.445865	0.142857	1.000000	0.000000	0.274725
GCF_000009045.1_ASM904v1|NP_389486.2	Bacillus subtilis	47	3.720343	29	15	7.029524	5.521777	0.068966	0.996307	0.000002	0.266010
GCF_000007565.2_ASM756v2|WP_002553999.1	Pseudomonas putida	2	3.712238	18	9	8.554940	8.285024	0.111111	1.000000	0.000001	0.640523
GCF_001182745.1_NCTC11134|WP_003418601.1	Nocardia farcinica	2	3.685680	12	7	12.642435	9.172493	0.166667	0.980150	0.000010	0.575758
GCF_000412675.1_ASM41267v1|WP_016502006.1	Pseudomonas putida	90	3.677664	12	6	5.402576	4.744424	0.250000	0.975664	0.000000	0.560606
GCF_000011325.1_ASM1132v1|WP_011014273.1	Corynebacterium glutamicum	41	3.657554	9	5	4.530243	3.654557	0.222222	0.982389	0.000000	0.277778
GCF_000006645.1_ASM664v1|WP_001181005.1	Yersinia pestis	8	3.652876	21	11	6.377315	6.082523	0.095238	0.994365	0.000001	0.547619
GCF_000005845.2_ASM584v2|NP_415417.1	Escherichia coli	276	3.648436	11	3	5.531699	5.024990	0.636364	0.826074	0.000003	0.327273
GCF_000006765.1_ASM676v1|NP_250280.1	Pseudomonas aeruginosa	35	3.644581	23	12	6.881381	5.476952	0.086957	0.995001	0.000004	0.529644
GCF_000011065.1_ASM1106v1|WP_002558075.1	Bacteroides thetaiotaomicron	8	3.643157	8	4	6.205741	5.230081	0.250000	1.000000	0.000000	0.857143
GCF_014131755.1_ASM1413175v1|WP_002558075.1	Bacteroides thetaiotaomicron	8	3.643157	8	4	6.205741	5.230081	0.250000	1.000000	0.000000	0.857143
GCF_000016645.1_ASM1664v1|WP_007803605.1	Flavobacterium johnsoniae	8	3.637643	8	4	5.643831	4.755852	0.250000	1.000000	0.000000	0.857143
